marca,modelo,stock,precio
Desipramine Hydrochloride,Ratufa indica,507,2426
Ultracruz Antibacterial Hand,Tringa glareola,748,5486
Povidone Iodine,Proteles cristatus,854,9941
Citrus Cydonia 3,Streptopelia decipiens,559,2187
Amoxicillin and Clavulanate Potassium,Anastomus oscitans,624,5545
healthy accents pain relief,Capreolus capreolus,179,7225
Entex T,Casmerodius albus,813,4667
Metronidazole,Nyctanassa violacea,666,5648
Diflucan,Geospiza sp.,731,3791
Hepar Magnesium 4,Laniaurius atrococcineus,10,6790
Pain Relief,Pseudocheirus peregrinus,121,8370
Glycopyrrolate,Alouatta seniculus,444,7433
Allergies Food Chemicals,Larus fuliginosus,277,1625
Novamine,Lamprotornis chalybaeus,751,6063
Tamiflu,Eumetopias jubatus,665,304
Cold and Flu,Hyaena hyaena,700,7775
hydrocortisone,Nycticorax nycticorax,195,1078
ESIKA Extreme Moisturizing SPF 16,Haliaeetus leucoryphus,39,5642
No7 Beautiful Skin Day Dry Very Dry Sunscreen Broad Spectrum SPF 15,Chelodina longicollis,28,5162
Cepacol Sensations,Felis silvestris lybica,757,4757
